X1,X2,X3,X4,X5,y
-1.399913796713116,-1.2501675228706515,-0.20869470363296347,1.3743624895869009,-0.4164372161825487,1
-1.6447651364808933,-1.1912957088606388,-0.34893781650585853,0.5597893525672881,-1.2125344725900045,1
0.09740944491833559,-0.7307131002716709,0.7109549012432168,-0.9439221787272373,-0.5252311411633408,1
1.0751533563053008,-1.097115772702246,1.6665050292894066,-0.6996923620540917,0.6154143686987462,1
0.5171541464919176,-1.2510054122353362,1.581910876621132,-2.7503453341948263,-1.3231256821096364,2
0.20925324941902912,1.656573339213609,-1.2415916915001803,1.5323480495361084,1.2029812305233303,0
1.6428603561095225,-0.3540214654631221,1.208763707090168,2.443278508360212,3.289367104364863,0
1.2106162275031536,2.4150963567201424,-0.9338907272329086,-0.02512583389169598,1.1146105213685384,2
0.16652247605546133,-1.078009420887758,0.9476701703415055,-0.20141428258135674,0.056046394770022205,1
1.5967735267624321,0.5990629705106267,0.7679533394476729,-0.6600917406747604,1.1126546683974425,2
-0.07876460366643312,-0.6140447811451397,0.5437240386516476,-1.4221998606153958,-1.0268148127738859,1
1.6840190000082889,1.2005189097037574,0.27243610926260264,0.4314467407909013,1.9237640533392966,0
1.6792438455760075,-1.745043854890365,2.5114309257602594,0.07176790186948079,1.7523926806878147,2
1.5065067437628499,1.4028022656756152,-0.09230598140038034,1.2937034513705732,2.328384896016142,0
-2.6383189607057504,-2.032830118716121,-0.546257194084188,1.6864034621182922,-1.4066821322600371,1
-2.2777669152939106,-1.5587837249489054,-0.6075801140630196,1.3440045606021547,-1.2955717335515247,1
2.27364424882576,-1.6204681601988602,2.858133458082382,-0.04321083300097783,2.257896856475315,1
-1.4722720776373466,1.7959330414485075,-2.4936933179883916,0.8739226768117692,-0.9075921442014048,2
-0.2584534505232572,-1.9595920697914937,1.448730806880117,-1.6902006131826757,-1.3507156521827828,0
-0.6862465721119957,0.30012502203597513,-0.8530197025900844,1.3489701232567675,0.23012536359286853,2
1.0057155631928443,-0.8784273105852883,1.3688012972542196,0.1485302782931991,1.1167741241194657,0
-3.3844953796593034,4.297219540050641,-5.736182472597939,0.7660158820527092,-2.934399367454667,2
0.5404050931697226,-0.8005266810962774,1.080954773424606,-0.9257367456999497,-0.07371372202405775,1
1.1133734656402448,-0.9541888765957345,1.6271521647459497,-1.106390637722994,0.3733759282973426,1
-1.3409127395607823,-1.21236911657062,-0.2095722935698748,1.5273432026629625,-0.2553602299359283,1
0.8691866612473957,-0.8573910030344877,1.4151831396167605,-1.4775997310543807,-0.12216582684587149,1
1.0312247417180374,0.7654068858533265,-0.04489257745408482,2.1783140608425713,2.476285327735339,0
-0.08602442768055152,-0.6746530257867085,0.5618497592907603,-1.198965129385809,-0.8808863586378568,1
-1.0051295067224626,-0.852737944503518,-0.13166796627356048,0.4623658902368871,-0.6560844298047686,1
0.6174772224819576,-1.0990401783275947,1.1858932597478962,0.8390483634184486,1.2079246451101495,0
-1.7998684911105625,-1.1069621446764721,-0.49151486365741087,0.23104241400137182,-1.5909847054645403,1
-2.16450646897854,-1.2966173209020964,-0.6686267277947513,0.8003652116317967,-1.5596003236794334,1
1.967808202066899,0.32791517521758917,1.3209108408350798,-1.4924915235946894,0.9211590917616835,2
1.410466268929553,0.7841067057544653,0.36680334097822676,0.6373454522877364,1.804388750633301,2
-0.5130773135404514,-0.016194331573048393,-0.4622742718954787,1.0567835297296717,0.2111030684494088,2
-0.2702063231160712,-0.1175698723489842,-0.1475036575242093,0.41225969761784975,0.01612160977512002,0
1.7599854586858383,1.3027082543216446,0.10208859218211153,1.935705352058854,3.0169647751490714,0
0.1446590824093763,-0.12238618756135167,0.14207270450534043,0.5462510675524397,0.5167526879503045,2
1.0187141929137877,0.2205751308547006,0.5443733226959686,0.25375951041174805,1.1721273444451306,0
0.8355372716387655,-1.857957987035721,1.872149441296119,1.240152208232807,1.7153703074743223,0
1.2880968209864812,-0.5536745029635481,1.3459561133635167,-0.021735117940781645,1.271458319493703,0
-1.8197925631386265,2.055220378666693,-2.9796660144509555,1.2897855037554145,-0.975260684830322,2
0.1089492325598801,-1.3507387399787527,1.1224219071374548,-0.3222617194867088,-0.07563638126170195,0
-0.39914510023134,0.27572954061901034,-0.4268980861535352,-0.6839530731339527,-0.8654752815957535,0
-1.114953794947278,0.6815176943702554,-1.4637098122241707,1.5084715539207987,-0.0948878806793805,2
-0.11258647944962397,0.91774287942003,-0.6755099970908256,-0.9445601359778741,-0.7763204199056575,2
1.260130845166831,-0.8776072518079407,1.3759711030529054,1.9274717233327656,2.5752288746106435,0
0.9204743754939257,-0.8857690960613623,1.1958298894637611,1.333097003520095,1.836740729649238,0
1.0097072879519544,1.71581917889403,-0.671507765035428,1.155866804687362,1.7361528986189707,0
1.828754368639712,-1.5109412853589053,2.355627588842801,0.9651148419061774,2.5001245961022356,0
2.372890862138357,-1.4808505663494542,2.8623270892685286,-0.42008761618405976,2.0964316831550107,1
1.3088382639175158,-1.4477910814323938,1.9231438851032194,1.06843845767039,2.0553081397070474,0
1.9802561391642504,1.7598233647582109,0.039333480758154814,0.7119029070675662,2.3918502918210707,0
-0.9154509143939961,0.5485077645378076,-1.1795773794391597,1.0974526269059623,-0.17337993831564438,2
-0.6211565898327879,-0.7678469063254227,-0.0612331961431553,1.9090448662448585,0.7025679004994831,1
-0.14549218715011514,-0.4625399065917327,0.4105509159070196,-1.7103881116554278,-1.2922577754175746,1
-2.665045907718544,2.7755991611013275,-4.18780266078698,1.885191162274031,-1.4245808783097516,2
0.42306939519226194,-0.6246371944184819,0.7567527047497726,0.1656918234785988,0.5465407767541939,0
-2.179253886839554,-1.589461861698358,-0.3926530346453623,0.11996920588028792,-2.0282223752616546,1
1.7427197246619532,-1.3729170302890459,2.091586803443859,1.9632226674170081,3.0889423696353075,0
-0.04220268663564486,0.8255071269693804,-0.6419928122934312,-0.0702810158948044,-0.11106562426430269,0
3.4872311945597287,0.6803096810766132,1.644767395512589,3.650206695415902,5.90209901548153,0
1.0018610790636333,-0.9872063194319721,1.5622080920245471,-1.0126457089258374,0.32777689658797615,1
1.4600426064822558,1.6182679366342798,-0.19437500299371427,0.35335722931141333,1.6386668348126068,2
-0.8281652161725528,-0.888998048493459,-0.09775940269118305,1.6863152281239515,0.35022814109598366,1
1.1817166585243821,0.7653025519835678,0.3897261196691772,-1.1224414637957252,0.3847443924830227,2
0.4067921639985259,-0.13751032377701855,0.5608827842925964,-1.6652958689144888,-0.7249674065948235,2
1.6614190485721057,-2.132111108442302,2.772093888190319,0.2386811922640043,1.8582508240060862,0
1.1990693670039767,0.38820360981328284,0.3949830961739906,1.8116682824050858,2.4030741420884207,0
-0.7351810871784736,0.3845551679139473,-0.9883841404187711,1.7217151316023942,0.43256552640634244,2
1.255870544575111,-1.1972840778155505,1.8840290446520611,-0.8226179304604528,0.7130324709267043,1
0.9932356159373377,-1.0707106200281677,1.5916214564103253,-0.7399820123885458,0.5065049460879659,1
0.8316722469871087,-2.0464262040860137,2.10702329240586,0.26356399183534174,1.0537315241737966,0
-1.4996822624506274,-1.1654832389699694,-0.28539977500128744,0.7800699897730573,-0.9204852753970896,1
1.3241125670314184,0.6704527553178699,0.43561471019344555,0.1722456203724183,1.4064777380630011,0
0.9747142188541057,-0.6247721574682814,1.0803639316264684,0.9183446695760428,1.6019471689434774,0
-0.6858838353147948,0.17601990609605245,-0.7872299012513899,1.6269530209722989,0.4224043102519462,2
1.7273821491983226,0.35933064002643145,1.0114735904927863,-0.3534057383229665,1.4560366153182616,2
-1.0675497727226464,0.7022756972499408,-1.4480837628777614,1.5389395683021974,-0.027957186839337053,2
-2.282637542523454,2.6982026118763676,-3.7482779118463094,0.8145593505983397,-1.7716223458830698,2
0.6104246210274509,-0.8495754839305445,1.199525829435481,-1.2428857484393372,-0.21853712775416315,1
0.7111127062643403,-1.0466489277316149,1.3638712750550561,-0.676653446879469,0.27033022284157265,1
2.1397028334566532,0.9979301920324364,0.7272136211985389,0.6911369571041621,2.555199966792614,2
0.5298779730299787,0.4131299390087875,0.17372960179905758,-1.0237371991026523,-0.1825257108351915,2
0.18910323778843896,3.6553438206666296,-2.4599467128590073,-1.441552511516436,-0.88775197552253,2
-1.5060549748862433,-1.2821810806990133,-0.21410740946583043,0.8969669615175935,-0.8443742646808322,1
-1.1308995844142675,2.172849310204286,-2.1720725438849455,-2.74895588739889,-3.0392164177181007,2
1.8345724515657074,-1.9328660208527133,2.696758729729125,0.7543663238246001,2.3739335943351922,0
0.9099869765115259,0.5511046749666425,0.15451578681281317,0.899719198656873,1.4944895211506513,0
-0.20155266853258236,0.05862269283555532,-0.0905063108239852,-1.0000913877855926,-0.8792499599464889,2
1.9227983198697571,2.5777652467032963,-0.7079850966779874,1.654024286319277,2.9530074336525374,0
-0.6572557583665748,-1.2116886161933011,0.5191013755273999,-0.863424677612455,-1.2029848316843808,0
1.968708216169094,-2.4152648018701477,3.059730578565842,1.7182158376502663,3.173173141277174,0
0.959013560197822,-0.4479615110377617,0.9788366110930959,0.4903827270732437,1.2913545286688854,2
1.581497308260532,0.8120074315514432,0.4372641230721622,0.9611681949978432,2.192270557994984,2
-0.09536483348541203,0.3274239385953194,-0.2564759590786883,-0.583376749144743,-0.4986746208134037,2
0.7900684733278462,-0.6833048324274049,0.9971005211813408,0.8571013176240175,1.3796338526296137,0
0.36910626659801815,-1.5341150252892617,1.4907438768335708,-0.7607137521890606,-0.11154235406379252,0
-1.73947541190174,2.1010993951989887,-2.9363601521363534,1.0897684018646008,-1.0329202146517433,2
1.4364254837750634,-2.868847135964522,3.1591500338930265,0.26566767343585307,1.6738148777050645,2
-1.5030344876149384,-1.3743536424965965,-0.15688152301638567,1.0388288863858568,-0.742691903066771,1
0.7653986897428011,-0.7778947685468037,1.2882908870643068,-1.5537494667312037,-0.2783992053885993,1
1.0590370509833171,-1.0997979775639142,1.6427157829750492,-0.5561652264583247,0.6969814875774066,1
-0.06785130206190293,-0.2977738881036647,0.051372068269132654,1.243286823542416,0.7846219485455822,2
-1.165094870403275,1.2647634689768057,-1.8821201700627022,0.9542500243084742,-0.535855509009921,2
1.781775407396455,-0.4509208064853474,1.6339779239875176,-0.11251825519659109,1.6945210753135538,2
-0.20068221154858223,-0.6744996028333698,0.3314572963434203,0.29532156174419133,0.020038903433153055,1
1.0221498350272307,0.04484400290613122,0.6521731201607988,0.5204646113451614,1.3611434514422516,1
-1.3726799004387382,-1.0059646347661748,-0.2924455630421475,0.5686981632863299,-0.9427495161385774,1
-0.69684497215704,0.6598113399311798,-1.0850670368641024,0.8924884443204051,-0.09959375047534477,2
-2.8865450361033242,-2.0526134682922383,-0.7679224259451235,2.268242534020111,-1.2563439565403722,1
1.1046320532110006,-0.045831865329729604,0.8087148368591586,0.22564947764038823,1.2448753533649466,0
0.2834865401690907,-0.06275428223623403,0.2640138230354233,-0.12701794694295088,0.19531436387715942,1
0.6169940417088262,-0.061868579006231994,0.386794350302964,1.058420721112383,1.3290590249844307,0
-0.36773965773689166,-1.2243380513657331,0.6204925508623361,0.3200259527787279,-0.11366329134895606,0
0.012028803023808599,-0.7986317997418564,0.6953806853936402,-0.8944673964664206,-0.574172686182379,1
1.487796573193031,1.4130092523002942,-0.1972497992702868,2.142191874437985,2.8854864387521455,0
-0.18972814835938379,-0.5764148816634855,0.43530296803604424,-1.4201711813964766,-1.1359742808037365,1
0.9165131931777344,-0.6313214339252577,1.2345605010681122,-1.0181773906608107,0.23040749785626993,2
1.042398764462014,-0.9895894795342909,1.6082533073757839,-1.1647595390632988,0.2646250469512913,1
-0.3190662507626816,-2.0097800209986234,1.2414528851432756,0.3465779159303356,-0.02694042506675123,0
-1.7852010125355053,-1.2476099294499565,-0.35233265512049117,-0.004116910474952107,-1.7324014632090612,1
-1.4340685041855181,2.026157651828931,-2.5894743113705703,0.3762003162368385,-1.213717204434179,2
-1.605290301311763,2.608085678766038,-3.1033564467921173,-0.08552640369637832,-1.7114119089491238,2
1.714239634347778,1.7043440886983632,-0.267714785550139,2.2991102100617815,3.2078740631384175,2
0.7257690983095662,-1.105381367549909,1.2361656665670178,1.1689051003127615,1.5388636317512834,0
1.705741642032669,-1.296535814299135,2.251232733639898,-0.5026024714298882,1.3769536719539954,1
0.8289841946169009,1.5860633699184117,-0.6914484254313754,1.0224234929910638,1.47058502060854,0
1.127997292087204,-1.1714317725920917,1.7558100809281725,-0.6542709447219546,0.7003636040614701,1
1.4476610949618354,0.9358656415886314,0.3053865256565583,0.3795558807848043,1.6621653473659277,0
-1.4019031433845441,0.15812654357526357,-1.4584265587468144,3.330037923720623,0.8718244737155982,2
1.2882778528097538,-1.6687253243279003,2.120925128508218,0.5917797273158805,1.7173264286019712,0
0.6991298121959328,-1.3220815248545172,1.401425907642087,0.9450090005328609,1.3663110208160898,0
2.03626992764162,-1.3011575445858776,2.5401232158953055,-0.9789774280847173,1.3800836615496983,1
0.3861703519663635,-0.8543629777673735,0.7428687599169248,1.7794966451339773,1.6113890842953027,0
-2.5485848613817854,-1.7875911191490437,-0.6859206151300232,1.895365661534392,-1.1827257194852652,1
2.030615652700406,1.851906935994188,0.15542088664313486,-0.7942706145264475,1.4169553363381173,2
0.674992905286993,-1.725408338988434,1.7306753786773013,0.49474595872086746,1.0475078440115748,0
0.14978064392854562,-1.4293795506587161,1.1313449285607147,0.4821067780172845,0.5126398403281406,0
-2.6648345403764924,2.720407789328635,-4.122614380594601,1.6453880330273938,-1.5856676153097942,2
2.0035773197830364,1.4567163287044749,0.3661957624461783,-0.12790311244571928,1.8528943101998046,2
1.1956620236224154,1.1354025789919655,-0.0776206234812501,0.9036703578362975,1.76383652018857,0
-0.9251445749184414,-0.9347488968246898,-0.09073861292358153,1.25414197074266,-0.037612003852557266,1
0.4544433061288524,-0.646507034988125,0.9836324056936309,-1.7364344518812107,-0.7128214431382538,1
-0.18600723762778748,-0.7038493530215753,0.30706936966049514,0.8720466512695496,0.42670255616175545,1
1.2582386663670933,0.814085866377206,0.29509436424949936,0.02439473573438189,1.2373268831058521,2
-0.3003923307585197,-0.5621774592125945,0.16960729600480745,0.35387716728085605,-0.041611657839141426,1
1.8031393260457953,-1.3426475506446292,2.3660377236983203,-0.6039839281986574,1.4055160120718064,1
-2.264903323484327,1.1862110590789965,-2.8717359893788927,3.5389810937172976,0.13461439527608152,2
-2.455922533343272,-1.5629259994565174,-0.6269884175723776,0.2710305414883928,-2.199536172084778,1
2.076128364377709,-1.9701643020634783,2.7224848949074194,2.5406885389008274,3.8257044456723768,0
-0.09623108813505055,0.8558385567757989,-0.8191115499875979,1.0984101187575108,0.6279505310605704,0
0.3714460772926007,-0.6232640613187449,0.8937621906036834,-1.6088812349110106,-0.708803994314759,1
-0.206124927647365,-0.2953398836654548,-0.06855272515114849,1.4293607556071075,0.774331900066728,2
1.3885486723940854,1.6458513204087741,-0.32070932474196395,0.9011758888436261,1.9391469438924511,0
-1.582641111358073,-1.174581815201729,-0.2333481058364974,-0.2836949890348057,-1.7240881169347833,1
0.9134386070878417,1.858747758119714,-0.801875959375545,0.6886269365708977,1.3202550241611242,0
-0.385565169013647,-0.25726131207488834,-0.2431200749465737,1.5976859290438208,0.7104181315154391,2
1.3578001381942908,0.7854731657429277,0.2618193280333958,1.3053555341714584,2.205715558808356,0
2.0027828287175,-1.4003881372573546,2.533180788076257,-0.40046035025271653,1.7422535938337627,0
2.601245332755768,-2.1819208865951705,3.349809751187999,1.6299144214218186,3.731572421846433,0
-0.7435793370972006,-0.810155082412854,0.12434335450155647,-0.5428830017986292,-1.0812223939858057,1
-1.0877940403084114,-1.098469166194135,-0.17087940208898256,2.119840609668163,0.39364080656493206,1
-2.7506554622947488,-2.163741804293483,-0.6593747411300043,3.0044931797111714,-0.6195983418365816,1
-2.7176703528217034,-2.034316385820434,-0.6601972229606978,2.271874903947846,-1.0876411587000239,1
0.9498468159897028,1.889103167051705,-0.9132273615541655,1.8516254447073004,2.1446891760949147,0
0.5459955953674254,-0.5098655175219111,0.9074803944378347,-1.3334321504502216,-0.35252615698991213,2
0.03593442290035309,-0.3203949180297513,0.2276037033874315,0.388418270156473,0.30750622533323146,1
-1.0213292403110585,-1.0915564110579288,0.003597918244962414,0.7861750224761659,-0.4460396900160774,1
1.0618052508863856,-1.1246813009684486,1.6749469872159484,-0.6735259112826919,0.6207197414500617,1
1.1129378621355643,1.8211288221634656,-0.7349297168427574,1.7529344009850514,2.2405068940562205,0
0.8508208610831386,0.5259301332881693,0.20819064326138548,0.1152059087665579,0.9043172710605984,0
-0.5640800539771923,-0.5782418802291946,-0.020100939702819533,0.47104333941177845,-0.22199373871194386,1
-0.7116711578848062,0.23490563846873636,-0.8771412522981801,1.9022913646973725,0.5822610644871632,2
2.0267253567654757,-1.4686205347823744,2.5980425783646988,-0.3647438872249601,1.791924015323258,1
0.8541552847049266,-1.1130551761139305,1.4881600339802163,-0.3868032595404436,0.6100043633802409,1
1.5191000428173043,-1.1719143291979972,2.053908945964016,-0.8129602816399963,0.9787886795852632,1
-1.164712507444623,-1.1953792168189716,0.039579627104457275,0.16245938206525457,-1.0081580014337412,1
0.9481554369232946,-0.5360337706546072,0.9711868827165225,1.1566535225598529,1.7351267255350429,0
0.6993874003232344,1.104933514280748,-0.1741975367285608,-1.511195413545487,-0.36419121175020136,2
2.680939865298173,-0.3540679197424115,2.2891018164151724,-0.9145091646733569,2.0353747545958423,2
1.884314953248286,-1.3480034928536977,2.45051101541436,-0.8258843432204734,1.3351995873691949,1
1.7242530387476767,0.814933119343705,0.5415630999473423,0.9253739104057572,2.3088344296374768,0
-1.0250775791373432,-0.9822918287595458,-0.10569478803590328,1.0365089518413422,-0.2827195589588187,1
-0.15265777941723102,-2.4283188346478743,1.8833474059505872,-1.7623984955536272,-1.2829451715558655,0
-3.1004337302099074,3.119736341603315,-4.8441891111447255,2.7411944179241243,-1.282517008902396,2
0.9814904090646643,0.9172437382846196,-0.150302584761771,1.7305958921004554,2.119342226051423,0
-1.1489395736610133,0.6319292261449351,-1.4902570504609207,1.9052640167293973,0.1421540187921821,2
1.5540070149924587,-1.8165210022877103,2.389153813205201,0.9375348932669434,2.2182016101771156,0
0.22871797967826024,0.614851114285369,-0.007517800785035968,-2.917954654748903,-1.7706876669610196,2
1.7844198464563203,-1.2634520190820737,2.144275822012751,0.9038633121804684,2.4082796709035827,2
1.1991732822377053,-0.9216194593112625,1.4692646480323244,0.871644182009612,1.7996512639412758,0
2.2058786861081727,-1.4556398082584747,2.740913632595638,-0.6015733971467496,1.80772043689192,1
2.1735949713074163,-0.9016727496876349,2.0410999265212997,2.0458711562534733,3.5580175366946367,0
1.865087369863594,0.5619385663945173,0.8669651407957365,0.5782935918304315,2.218970511094485,2
-1.2777052031999159,1.858478673319969,-2.3478143300633714,0.34319575822378345,-1.0773406368226828,2
0.785362391443436,0.8674708717875314,-0.17761747029715488,0.9525872320505673,1.3990178570608087,0
1.1300424357188608,0.793871512239889,0.34661427805569844,-1.2799894507109502,0.22605610448201505,2
-0.30686368543203724,-0.9094957009664553,0.33104146044597466,1.3068393631134974,0.6078754550132145,1
-1.400941546740911,-1.026076743331818,-0.28978983982260037,0.48800908736833104,-1.0248825865584026,1
0.5195216626206907,-0.8905948139213546,1.1238268603690988,-0.8290565558673101,-0.026348790592029683,1
1.091828925827526,1.382963198472791,-0.27714985222767824,0.2877140277727388,1.2367908309546396,0
1.6773019114148098,2.4473371103035317,-0.7688306908917885,1.4668587777842237,2.5870513749896986,0
-2.3204306085046493,1.9322758193786145,-3.3251223920037822,2.0644318281701346,-0.9405477191693652,2
1.1746982665301566,0.07657524512960345,0.6833997952405575,1.0775077753338667,1.8889569374210249,0
-2.507936500562551,2.327556429967623,-3.76178171277244,2.117812393194033,-1.0998248852463037,2
0.6002478201765143,-0.4606860209267819,0.7029703195994921,0.7602845777780902,1.1206771438415228,0
0.9788618952886908,-1.205574392029185,1.4835576318374495,1.272249613273649,1.8614960567387469,0
0.1487592253676504,-0.9652129497322048,0.73230991405159,0.9937071991876864,0.8466339405048692,0
2.0169214776967266,2.15374670511496,-0.07218523433326225,-0.879507761635443,1.3376523405731022,2
1.378205352903128,-1.2111106739196962,2.004966595115306,-1.0489092901047907,0.6805924783714044,2
2.4166759654576833,-1.4182680636581093,2.8986424851817816,-0.9427970500088734,1.78326665194067,1
0.37226376862907795,-0.1928863593194723,0.25358957744633603,1.6139481711185653,1.4679161263863008,1
0.7820017786076557,-0.8361632117450883,1.0767673344432391,1.151148033468759,1.5752489535783345,0
1.4827089836745422,-2.2735179798068987,2.6637301237799607,1.1035910506912403,2.27252609168853,0
-2.1726933900542846,1.9243398004217371,-3.214678305584971,2.085189915654381,-0.7804001437218685,2
-3.0270565681899297,-1.936810772554195,-0.7924180986150532,0.6117691869807644,-2.522300325531799,1
-0.39518395324849864,0.6430071975858782,-0.7980140321275254,0.3163414225185823,-0.1923542058707125,2
-1.5195726697095682,0.9046444772617791,-2.005999991870541,2.3519138981487324,0.07220905539762405,2
-0.12974287389813188,-0.1181764679010987,-0.026398677047251604,0.21636427930436664,0.021859958524205435,0
0.9885554917614341,-1.0258461262726035,1.5326812038408084,-0.5177319333079187,0.6515388149285882,1
2.8223299403992987,0.3215780541519677,1.905514249950954,-1.1236706350255108,2.0152445666254586,2
-0.22083085612027098,2.9200226519988597,-2.14038985533388,-2.0923257185260393,-1.7147777806921898,2
1.3243400304416308,-1.7129404324805333,2.0631055014964765,1.775933048781333,2.5577366589042483,0
0.8603823513012189,-0.5627116278586901,0.9618567357062169,0.8125704340332089,1.41565775280989,0
1.2958896106475255,1.6634746832583094,-0.3999424676824249,0.8931087614494405,1.8417325910750857,0
1.4237769975028045,1.9198909141050646,-0.557666986726148,1.478745313684581,2.3586978277623856,0
1.5936938674781425,1.9341351099696795,-0.24988360710444843,-0.5048259880401649,1.1798862421314908,2
0.30451666088011675,1.5842897352680279,-0.944543238945624,-0.23126869606523381,0.10202019704758973,2
1.7878522740522338,0.17291088010325129,0.9401539142649356,2.2244084678650795,3.2701138811261843,2
-1.5138919940527495,2.0829574317634005,-2.7007260785456024,0.48885558406302787,-1.2175595624068059,2
1.2174737179728168,0.6038572977532322,0.33623915842217034,0.9049094861556415,1.800186145769545,2
0.694401196324332,-1.5626677632986445,1.77411748745413,-1.0379078760310456,0.02222777445881709,0
0.28270716365421267,0.09118518939232145,0.17950139574656404,-0.4447991293945379,-0.025170099065596887,2
0.9555745740036403,1.1677980237030905,-0.21363692809079926,0.28193406157309087,1.1040104800243573,0
-0.04834079243886924,-2.3611482142801536,1.7870435264288103,-0.5351555059119608,-0.34883654926054597,0
0.7941172127560991,0.7885846338625496,-0.15894478259647585,1.4258784631906465,1.7309421963104024,0
-0.9830941835828637,-3.578089008593262,2.1276020729768086,-1.5773231479200929,-1.9469451458604066,0
1.7497847041876364,0.9292067532677618,0.45239992920636124,1.1477056599643074,2.481924895791861,0
-1.4304244462874225,0.45853700767693795,-1.6439169707929224,2.720959619134201,0.42240744638781,2
-1.3612606748587206,1.032443426635734,-1.989444935358946,2.3708332516823822,0.23797975591102577,2
1.2418816594561173,-0.9892129788216231,1.7739344805457347,-1.3884762448031114,0.3097221117667883,1
1.218562927033768,0.19948314666145905,0.7907968747405709,-0.6219328290917041,0.7756755934683035,1
0.33995286700381044,-0.7779947071050823,0.947830429354587,-1.2125118924005913,-0.4668240978774133,1
0.23787208771922164,1.9150265333585108,-1.2659949779459396,0.027810507890780434,0.2033592376861855,2
1.0711642854534231,1.241519195014538,-0.23130078194219134,0.745581251883499,1.5308483087228495,0
1.4162752250344333,-1.3057969868649768,2.041113284050891,-0.41862202046028085,1.1484210783533402,1
-0.1236068485018893,1.5160057526477924,-1.1030545644369534,-1.2345552971984644,-0.9997398659447148,2
0.7344618610176605,-0.3858043994268109,0.7235805385390891,0.963605558562099,1.3891961755044178,0
1.7022253527011648,1.32411885387726,0.0873996566638155,1.5002427307118626,2.6638449805670437,0
1.0768947214634157,0.6225277160808742,0.22861170297623634,0.8264733935740043,1.6076790083897725,0
0.6650552600658632,-0.7278280278572269,1.195976426863019,-1.7315933654679447,-0.4994747410368186,1
-3.700179375896675,-2.1925774365385906,-1.139190818872567,1.147821145992872,-2.81630402896613,1
0.608160494635338,1.8112785470981665,-1.0856871670476145,1.6931086313475383,1.7018311115782243,0
1.4651933090215994,-1.1334261419278344,2.004382614170826,-0.9971104765842128,0.7995815409675969,1
0.6335442587491555,0.3136951385726737,0.27726814445408776,-0.5607718130045238,0.23663083166901708,2
0.4802295709190595,-0.6190360477286734,1.0012094668743856,-1.9344981410105768,-0.8225059725216506,1
1.6847711300245471,-0.34753403786989145,1.234496288346105,2.4395622019530725,3.32805010931414,0
0.9176563004480591,-0.6804764904884253,1.2143883374601334,-0.4327061795147811,0.6301684707422096,0
1.1546344468904006,-1.1757663810547465,1.7842153296009402,-0.7144818646236376,0.6859114814356283,1
1.1724544910616939,-1.0230156187057484,1.7245970018739578,-1.1394805275236592,0.4110552576857569,1
1.1168088170254729,0.04682169974993067,0.5530311217255838,2.2004651442245398,2.5947030941764915,0
1.719512036002681,-1.4472022514172367,2.3653254769849474,-0.41428511813518976,1.454447684217988,1
-0.4798695744457787,-0.7880503943717091,0.0921677609026237,1.5408309197223078,0.5926876225993122,1
0.616767488357906,-0.38515277876465115,0.5146815066479383,2.214321927255507,2.1218073445541097,0
1.1370743836925339,-1.2240608964729693,1.7919124560464923,-0.5542825756671795,0.778567360503723,1
1.8884779687057378,-0.9699165013040928,1.9986067893616088,0.9118549421739306,2.5087152973834774,0
-2.7755672762025485,2.4968008829172588,-4.1228747292388945,2.5357009834926902,-1.0848814154192494,2
0.8632906970285117,-1.4194053516011627,1.6014066408280858,0.8572335163695439,1.471364610064497,0
2.417774615309812,-0.20396133368891545,1.7793265438368162,1.1865495446223044,3.197542157723115,2
0.9591422277865018,1.455986851607465,-0.5547218987374299,1.575254156802997,1.9776893417819272,0
-3.1839378743299354,-1.8715554971167514,-1.0315832403822474,1.3927047485918203,-2.1488991591331943,1
1.5779115926444929,-0.23309611034700428,1.2252152925223911,0.8851244008575331,2.164600161548454,0
2.0269805360395434,-1.2544303861724033,2.180416567505327,2.240699368180536,3.5547731394374895,0
-1.207599052087438,0.5011349028827664,-1.451816320836657,2.079911854966416,0.20621003865815182,2
1.6861089778787162,0.5561305449858961,0.869821261993144,-0.7134761224366363,1.1657481510750651,2
1.4660596625348072,1.565248832971088,-0.06110802928358125,-0.549817339741877,1.0330461581653294,2
-1.6375089101024847,1.0423197993404723,-2.1385493450026907,1.7883906736651083,-0.4302859840237777,2
-2.12316067923439,-1.5420917129952827,-0.4415875938750123,0.6656760616879116,-1.6037374495022747,1
-1.1259507451073425,0.9507256135082636,-1.6938314794389564,1.7159403490712504,0.027979776720682636,2
1.8554985808588516,-1.5617520004507992,2.5132228739255997,-0.049781796422175284,1.8390862965593193,1
2.065410103435979,1.8453840287253875,0.05790129085613186,0.4966534949628931,2.3275848423639776,2
0.03229409322234933,-0.6092805825403336,0.6140682461382876,-1.3596076274190274,-0.8748199476016583,1
1.06190015236185,1.1324873437649021,-0.29058609895782467,2.1052907394433973,2.4473592681449388,0
0.03740510241944994,-0.34149381593756933,0.20589536136161055,0.7790045011367824,0.5745909018825167,1
1.0963384063704513,-0.9834088507338277,1.6463240230460576,-1.2032347256498257,0.29160170665362867,1
1.17981117111918,-0.41156899146330095,1.4184892371306284,-2.6248247623597845,-0.6058125154694499,2
0.5317550760491824,1.2474017866903542,-0.6295294088073627,0.7941625708928428,1.031141499886446,0
0.10696907122016863,-0.06936606589685246,0.3308901566246194,-2.042915483892971,-1.2790324002518536,2
-2.779710748495428,2.8880466811764705,-4.355325645519373,1.8910335130201874,-1.5367732874743298,2
1.2559746477814477,1.541514642282951,-0.3528935270093616,1.05045758535477,1.9123212749700176,0
0.4384016490535556,-0.7387818376438336,1.0058653096734793,-1.378691249839937,-0.48344364742996737,1
-0.4062030658064739,0.06779739967686216,-0.3388961696223976,-0.04914954963784912,-0.43615587839294506,2
0.7358085704716599,-0.7642976542235447,1.2740765966108583,-1.7290467612046097,-0.42693756334058897,1
-1.5657760269856684,-1.183859703817765,-0.39612060422517226,1.557882434469774,-0.4573763353300066,1
0.29260071368190255,-0.7320940629230324,0.8721563396066985,-1.1402880667469812,-0.4657626037894019,1
1.0074866198499726,-2.6832905403333167,2.702177075138611,0.3527029198664803,1.304541473353159,0
-0.1226663749607132,0.29269486093923025,-0.35255875302036127,0.45353981289859,0.17900668396947758,2
0.8625038860413623,2.362491295954174,-1.2746658782393936,1.2822889122325418,1.6596249736882562,0
-3.2123672524476863,-2.262578892451839,-0.8208776503857337,2.018004316513672,-1.742314493283055,1
-0.5723409503368964,1.0494942250124915,-1.2204883454217714,0.2166587259517001,-0.4455882446212871,2
-0.6077846753822256,-0.32524236583520494,-0.01459618752329471,-1.8230477897282138,-1.828716536102916,1
1.899099104622942,1.2907238913535446,0.5370541054518289,-1.3615260305148777,0.9168949032634122,2
0.5717804455224176,-0.28202963870667574,0.590217926844238,0.3387499376643268,0.8017942481279562,1
0.9132566169863112,-1.0507497741373497,1.5172185666271325,-0.7220959969286602,0.4391608602118545,1
1.2438088109782017,0.23498354175026026,0.6691995343197356,0.5242670582745088,1.577553983130371,0
1.1433506254388872,0.9148949947839314,0.039944773922723366,1.0041006393585024,1.7861493089681852,0
-0.4583255415194546,-0.7565420239046557,0.13726605030704261,1.0025148878323795,0.2477907868990013,1
-0.4043116417324907,-0.7985903933567167,0.1923971458628916,1.1577073344045747,0.4075446558616829,1
0.9643498703086816,-0.9557118517375269,1.5153323319549865,-1.0508579598092618,0.26398313089390824,1
-0.316348729484899,-0.3043138612841386,0.21612212421480784,-2.1897138740443243,-1.790395765852567,1
0.5323577284047845,-0.8980968543346686,1.1487515235268517,-0.9307757089030139,-0.0825128019473519,1
-1.6080713028614388,-0.9899957072397034,-0.4216516322087857,0.036909590221875344,-1.5364630112724786,1
-0.5901120165221562,1.0878209158254704,-1.2524811375865583,0.12007400383912503,-0.5296889972385653,2
0.39513672500301456,-0.4388379458299767,0.4905362550782433,1.2476768657562445,1.2483873542628094,0
0.474862290237249,-1.2402441976983445,1.1588606665658479,1.1425225322742605,1.27680094196533,2
0.8095054228106577,-1.8623709926491245,1.8995254701323894,0.8063645008321293,1.3953893680138003,0
-1.3024034858040496,1.2000493877073084,-1.9279911796806493,0.9069642361186628,-0.7018009762203634,2
-0.5623312140374308,-0.794759134034134,0.08379828310787107,1.0743224730752887,0.19485118869173637,1
0.2713124061370775,1.1290875871042152,-0.5184856355612957,-1.3343898148710112,-0.6674439763886499,2
0.516730916923787,1.411181793281679,-0.758619735735259,0.7490604974086952,0.9813937359230932,0
-0.5908253894097825,1.0111740003776335,-1.1915049670584268,0.07892439908782112,-0.5563049387997419,2
-1.174237772609759,-1.2330799974183089,-0.1996637528137891,2.8012013943563914,0.7742570561027152,1
-0.22066435823474406,-0.3598334886413972,0.28182366943439136,-1.735074083729286,-1.3859241647177551,1
-0.43478599670159346,0.49754956859355604,-0.7679751748346437,0.8264494560365436,0.11856728569868426,2
1.7561476720240599,-0.15094795958903684,1.6746967932862649,-2.987482258721527,-0.28980997704908296,2
0.2806098818132199,0.4385389248381891,0.11753233625938075,-2.4676682585378433,-1.4092280614754842,2
-0.427880212308406,-2.2586696601924037,1.4468110703392663,-0.6391627248904701,-0.7968111284005379,0
-0.755081406654813,0.7885491305987925,-1.19916614043299,0.6458897831253161,-0.3278298865920594,2
1.2886636411911798,0.5590788378857015,0.4458366957586031,0.6547679986721262,1.70188171537863,0
-0.7431767619087178,-0.7240088179925925,0.05650069870745262,-0.5065416171172628,-1.0584262209953759,1
1.127162928325183,-0.8983102672129404,1.4347278908759262,0.5186790804324635,1.4884015887430233,0
0.5141223415536722,1.7615411720950958,-1.1051665711118253,1.5809639376438287,1.5341923053230677,0
0.7485871372862964,-0.2951709535661238,0.7574739328866221,0.03604976225621248,0.7712565385507258,1
0.14663104934753934,0.09078546444958357,0.049227305614920135,-0.11639747559285718,0.06337696049781409,2
1.2738185628563816,-0.041381087353336676,0.8714871701534148,0.7917360901380405,1.7959692546558057,0
-4.194897667685254,4.196070014806832,-6.402192646806187,2.3589691276750813,-2.6507109737603076,2
-1.4321304215269812,-1.1923805710087894,-0.24009738024973612,1.0186975090022765,-0.6911400120839769,1
0.5670588053388095,0.6389075680491094,0.17601730624100287,-2.488124014166627,-1.1455869310332476,2
0.16152912083815196,-0.6399870995573349,0.4863560733645439,1.1100762443383192,0.929665781982041,2
0.3576589032971762,-0.45105456766313823,0.4678495588279258,1.2963846817376303,1.2447655984400579,1
2.383671516578435,-1.055232618031361,2.235550814444247,2.7759629542949034,4.264938800241527,0
0.40580210312354903,0.9206944006579888,-0.49528951849972663,0.9936493969736704,1.0507715170932765,0
0.1899860866309433,-0.5201420468051168,0.4558067528678099,0.7180483478177933,0.6885520162862511,1
-0.16246464455356668,-0.3037761240957785,0.15431746856772974,-0.44435966000080906,-0.4539758792089023,1
0.4263933513731346,0.011357138546828516,0.28878383187807294,0.10350356816574424,0.49089554607875513,1
-2.9665972930328275,-1.9233504210426426,-0.8266891554660358,1.2981270786029993,-1.9971582775522159,1
1.2577716087633506,-2.386383561483229,2.5784980426124395,1.180230940769669,2.1054408916160336,0
-2.8324289668807188,-1.7681302613105143,-0.6834527789265401,-0.3498949452060123,-2.9872422996240435,1
-1.8170065354393437,-1.2766939479957378,-0.3546303734489502,0.007529039910023183,-1.7551325281631631,1
0.27208556347695056,-0.3254844645150735,0.38472031013609614,0.5606349465640645,0.6576540883067175,1
-2.3898452559907892,-1.93123109179332,-0.4773278364123822,2.0321565068944585,-0.9294006610976048,1
1.041941666743118,1.2666284258670775,-0.33294308465121925,1.37083326047542,1.9256765842453456,0
0.7117469086273911,-0.7970008682693668,1.2794328947073088,-1.710895660784024,-0.43751364366246964,1
-0.29533314314426407,1.41713572322412,-1.3066772862003497,0.32315370169918867,-0.10950836292732377,0
1.193978723924575,-0.9460516106208304,1.7217629707609738,-1.537454490274499,0.1601893006787469,1
-0.2923413076366992,2.4282965412942614,-1.9381304337003207,-0.9321723625189758,-0.9850888074075057,2
1.7191430697311132,-1.289521637579946,2.3042187492314885,-0.9944284281664609,1.056213475807227,1
0.3109911845025273,-0.8289544640169096,0.9320057439772598,-0.8771949659269557,-0.26650761584835075,1
2.1015896831803307,-2.2855084947970687,3.249138366975505,-0.21351580299780681,1.9899437942352822,2
1.149200509124401,-1.4992331520855409,1.8768496621208677,0.7617091288983239,1.6908938508922124,0
-2.869748177374044,3.618344612584063,-4.823718268345877,0.43603000274384096,-2.6323253574187766,2
-0.4759314182661265,0.27109857414520766,-0.6602494257133836,1.1531252626321744,0.3056051646388042,2
1.2493003037254191,-2.6038780932652834,2.792006030693101,0.6065234764244223,1.7134397240243293,0
-0.1397385669332588,-0.46831567975159794,0.14223831105814042,1.092063583758729,0.6155061115301685,1
2.7811974128823036,0.2216430149804559,2.0013321808132623,-1.6360700183560453,1.629516049369025,2
0.3983898169098322,-1.9411719619323156,1.825090941999164,-0.8442135629640533,-0.12859885696491163,0
1.5015620219548027,1.3000092568233268,0.24630627066205818,-1.3910256305231714,0.5041685504463517,2
-0.4696369471546329,2.655594860603326,-2.2916795061045536,-0.3714218807113564,-0.7855341780222137,2
-0.5228021162675132,2.7351829111419397,-2.2284923777636325,-2.00314210087538,-1.9475080235884095,2
-0.20488096195626004,0.3517142325570862,-0.4536253097547334,0.4287739036569198,0.07948216115904082,2
0.03685424372861512,1.2122531512725185,-0.8624688196628951,-0.19452360730106144,-0.1275057248825519,2
0.7429103964645775,1.8137277593932732,-0.8266054374000078,0.035318072003213574,0.7097083250682474,2
0.8640336623647044,-0.7074163326566227,1.3295789031208423,-1.7861864768736313,-0.3406238701412583,1
-0.992401329426379,1.7008715178606877,-1.9839077386312824,-0.06240891722143682,-1.0668059168298865,2
-1.014777695298299,-0.9016941958172394,-0.07803223974520693,0.2202366963936948,-0.8286474058849117,1
1.6403066924635974,-1.0743497441499446,2.108757357682595,-1.2233466333931384,0.8173670024516562,1
-1.8133873549354622,2.510999233674882,-3.2700872257137346,0.8195458217425383,-1.3000568510392818,2
1.1394685773103324,-1.122895518169551,1.7287994416010393,-0.6652182868687075,0.702982716538168,1
1.7313403933277334,0.01723338070326641,1.4625118951167826,-2.2960893807292444,0.1505032372052809,2
1.3455142960613398,0.8338548065417919,0.21288693219258592,1.3440595521109207,2.2185816575208617,0
-0.9430515906090724,1.50679765165843,-1.7955788785687727,-0.13663509623880432,-1.0633584746710183,2
1.565705535451516,-1.193755527451382,2.077335840717068,-0.5441533437266747,1.2078038554086787,1
0.9933167547088335,1.7856720618828885,-0.7391325857153065,1.19097791703567,1.7419637989756513,0
0.6106427871483889,2.758833890505337,-1.7744464012019292,1.4967803858756257,1.5461269669716327,0
-0.39513235928490964,-0.5790200288948386,0.05258618800285591,0.9746663147360339,0.2866098582590405,1
0.28550128493469473,-2.117837004111177,1.8194046073209735,-0.270800184403565,0.15375554451874254,0
1.1020353194497214,1.5388113840364914,-0.23436754311601415,-1.2531674296899735,0.1970237408973284,2
1.879150200208721,-1.7370001405942483,2.494535690964224,1.6415390361049917,3.0148874668707784,0
-0.1404066906601168,-0.5439282907430931,0.286895729110136,0.196138441895099,0.008799582060344988,1
0.6742131482089542,-1.4242960801492415,1.4352209829844258,1.1962828746904464,1.5149312180914667,0
0.72967142056302,-2.062738260023842,2.110927017201224,-0.39703550435988255,0.5051346307334041,0
0.6190432501094283,-0.9014311934387589,1.19957890725258,-0.7871184974195274,0.10064911929906607,1
1.181007327351625,-1.326854116253934,1.833006983377326,0.13021906208359724,1.2891908369395353,1
-1.1531120808847486,-1.4527845366285903,0.017321291168846432,2.4251731375579295,0.5456915140521545,1
1.4403896944007064,0.9819997636604688,0.4113916902721331,-1.096794081783487,0.6518236161110846,2
1.1605860276029913,-1.8216788852670316,2.1649296522857657,0.3741139047960611,1.447563647300735,2
1.4130567338632223,-1.2722635712275505,2.0138081466819386,-0.42004357938420644,1.14339724778506,1
-0.7862595891066176,-0.7112845160525563,-0.07600223115277498,0.4239119794660615,-0.46982529038326176,1
0.3248597747327754,-1.0201219831581243,1.0272534372083677,-0.2901211915427455,0.15063778911548156,1
0.4922753880984515,-0.00939478337729338,0.6177705568151023,-2.5889407308955334,-1.2707913676436655,2
0.967804832237568,-0.9477135939249872,1.5386682064836787,-1.3225755681947295,0.08277788211090331,1
-2.4754462520906246,-1.8712525722749944,-0.5395265225521985,1.58185561051494,-1.3210901882811028,1
-0.16084864078754135,-0.5057438745295826,0.08466253335561079,1.8047881185222119,1.0793523297114624,1
2.0676130819645473,-1.293603799857968,2.324966042163403,1.3710238942614594,3.0056967268290413,0
1.0673117639987286,0.6094980024656289,0.2112105362830074,1.0315239978712267,1.7377220792683352,0
-0.14961687389169698,-0.6455385405820175,0.5233579934403233,-1.4944565364038214,-1.1449727214345573,1
2.3566824136736644,-2.2355473446139897,3.429370436289615,-0.55463472553109,2.0089600250511186,0
2.195667845735893,0.52536032034178,1.476625218520147,-2.9030252865743407,0.18363554450799782,2
0.14218034576354588,1.7640791013652226,-1.1714474113536757,-0.48314763515476,-0.23391260296293703,2
1.593393279933096,2.487458514083575,-0.9676475246370317,2.56278709014986,3.2469296396796308,0
0.8355740529338248,2.0545799968302436,-0.8152882745311858,-1.2297058436967347,-0.06367370351053915,2
-1.2620926882914971,-1.3412038736771135,-0.1150887388693313,2.1235846662013986,0.2304903649326659,1
0.3149425901852758,-0.9209229731800388,0.7962513491743318,1.2238125241586388,1.1656961233292096,2
0.32425586517182914,2.4914172295357124,-1.5004338625394258,-1.3401797296740132,-0.654924364904546,2
-1.1926009276145457,1.34482702369507,-1.9739050859414773,1.0753553166832368,-0.4829252592604617,2
1.0889176375065324,-1.0588239775381136,1.6751147085866214,-0.9768332106658332,0.4399097667492001,1
2.158816327519757,2.3960127211699396,-0.12522192729528603,-1.1441943701239874,1.2917318649740226,2
0.49372452201030204,-0.7883453201265889,1.0615413128989304,-1.162449004591998,-0.28076743659063547,1
0.37676063314575725,0.8347947311772682,-0.4620667119316911,1.096835147329152,1.0943880735128628,0
-0.1621342759139941,0.25313644194490204,-0.3866828321770774,0.8109291535627188,0.383631135200168,2
-1.6832631968727971,-1.6926716415806755,-0.17491832592150086,2.320128476468885,-0.04267450030370292,1
2.1620912981502824,0.714400697710193,0.5998254158185029,4.295224186866668,5.03073274475431,2
-1.8941074261501032,-1.478620742549521,-0.3810717823696919,1.2440403435883636,-0.9867604246165619,1
1.1617922619433414,1.8608630673323465,-0.6976262095298698,1.4305608127237779,2.068908523808173,0
0.4687467723793548,-0.1387438534895007,0.45986728961264156,-0.18077578871645206,0.34372366324055703,1
0.8530930463933212,-0.976529022210778,1.4135550111084163,-0.6748656252948796,0.40986766673910136,1
0.057520958346132134,-0.35437740584469357,0.3114101718471841,-0.04469635986854925,0.035769975679719526,0
0.6588613603956269,-0.8027872809743408,1.1809164440650455,-1.0557100626458225,-0.04491894334489821,1
1.0084108091467745,-1.0374524089160955,1.5825567561702358,-0.7896857675846218,0.48687966753891176,1
2.0163280368875327,0.1908890714736442,1.0835056057479402,2.3049577752658417,3.5498662262763885,0
2.0208605661870163,-1.9014029910181378,2.7970141406714037,0.8609078795905337,2.629322431970811,0
-1.6216750413280798,-1.4165355837631481,-0.24732049957783403,1.4081762581033528,-0.6080448237390755,1
-0.013139066654969778,-0.6420614238654944,0.3914584238192857,0.8111985334273247,0.5544436041401128,1
1.513682319320854,-1.294654149055273,2.1028017034493596,-0.4164636259948399,1.2457564599707756,1
1.4371331136874332,-0.14214984780564777,1.1175941683011728,0.25689207534556857,1.5968671703061739,0
1.4266668777511922,0.035011528659033564,0.9223786300534115,0.8130704936213042,1.959336624244359,0
2.00101256090994,-1.3768592794419916,2.544063585563884,-0.7020605797050792,1.5352011397956744,1
0.36604833572310536,1.7048184888689841,-0.9679504503153077,-0.4592823357014133,0.004851992675179316,2
0.6501662986725527,1.0945513393582345,-0.5393205541201457,1.9049618198308185,1.905922695323178,0
0.5802292771715776,0.5030272229317303,0.004814453083620824,0.3722215540114646,0.8122105091696271,0
0.3962390700796691,0.7371381535627491,-0.4011115430403731,1.362716639813964,1.2966304606726884,0
2.2925484119611585,-0.9150263169503716,2.261651970846899,0.7827189817055241,2.8185435494785214,0
1.3728770868417384,-1.5791321050401774,2.0936781265530833,0.8057571545046844,1.9437094562299617,0
1.1084387001134357,0.01881224656411773,0.9009866478258236,-1.1711742805733891,0.2989553933609042,2
1.9231250140149048,-1.2064122726118147,2.2328039325448077,0.5876667202996738,2.329122089433279,0
1.0291203419933181,-0.9602291568649391,1.5900165139185154,-1.299798349864402,0.1590977998427348,1
0.7727662120989918,-1.432352545273253,1.5531944379288414,0.7825753286309141,1.331668182276922,0
0.12312401687303931,-2.0172453484747046,1.5968705004507078,0.03355949738453057,0.19736545992741056,0
0.0353916266512424,0.10037590286242004,-0.11119304245706721,0.6228053032622193,0.45497818744142415,2
0.37355343442111255,1.742201665055876,-1.0900854917964693,0.5485348839251446,0.6952508188927077,0
-0.758773367389628,-0.8778559709215711,0.1559142440362878,-0.4599106890561626,-1.0381318651155544,1
1.6223079015544304,1.403764884799312,0.26127422976439085,-1.4479575391531605,0.582007124786853,2
1.4596859510077778,-1.2410604598520547,2.0338238293908075,-0.5189128889993384,1.121511413293668,1
-0.909952125653456,1.5400565188184618,-1.8255910276588583,0.1566299874745013,-0.8325266545530398,2
1.4230102358144205,-1.1564650582498646,1.9548781873579317,-0.6291386922266284,1.008273108326853,1
0.5829824080516721,1.5376415439527018,-0.588412543234602,-1.4497968200599511,-0.44881768094410346,2
2.8091208279750264,-1.5783559789549244,3.3031408165992713,-0.9582182954205114,2.1644444098631217,1
2.3612489318979653,-0.8324502395910829,2.156233485723919,1.7253085367931065,3.523900439668831,0
0.6021655645072077,-0.8375351411441095,1.2079615633720016,-1.4799409184003547,-0.3878888617235423,1
1.5304630725517552,-0.3853412495865207,1.3805706038276708,0.12061624898890244,1.6029136931291375,2
-0.1863456987826676,-0.5999141836288433,0.24402185145956337,0.7194825050515997,0.32009547026915197,1
2.0891989786040837,1.502986074198227,0.38970358258461313,-0.09169825390363551,1.9607773746198027,2
-1.1224103901595788,-1.0988097399745436,-0.15984133623156885,1.7578947872743464,0.11383461609914113,1
1.1165027156951686,0.4978020199640595,0.306124086555918,1.2770457809054894,1.955849307609383,0
-1.4279438767117008,1.442794416875374,-2.239598438539142,1.3038033574481398,-0.5627992262994277,2
-1.8965601902508498,2.04507708564356,-2.991205190038666,0.9230018716131678,-1.299705544671717,2
1.2993815813545089,0.4678482148764217,0.48342427885130157,1.0445265728907152,1.9793778015463053,0
-1.6696672757568092,-1.341544637349227,-0.33753617681381864,1.4022821374274137,-0.6613961669396162,1
1.1221692224327486,1.1000930526243127,0.10973361408496932,-1.2620578267246996,0.22240180386664332,2
0.14094705418772235,-1.0681930207386396,0.8616008391233686,0.4088053144674426,0.44467538108068,0
-1.1902253187316172,-1.1608395407726404,-0.11988910228705116,1.3287461838280743,-0.24273269365680888,1
-0.3575579297885523,-0.5307324097447292,0.2725240633961919,-1.3441041811252608,-1.2512383302809138,1
2.3643885327487646,-1.5724149866479826,3.064182030256848,-1.8313263467427081,1.1326839750106528,2
-0.14505335896359073,-0.6952378505632613,0.5128513791686872,-0.9777428773935664,-0.7884841898955959,1
-0.4703089885177647,-0.5061064386683475,0.1483186635382566,-1.0966679423133665,-1.1952705454526675,1
0.5672008130770754,1.8303737372586175,-1.0961737676746697,1.355340113640211,1.4316599084620303,0
-2.1888069398998216,1.5492374417983563,-2.974838528171213,2.384666207394509,-0.5832010301550195,2
0.9959964298640147,-1.8168729107781942,2.028855818405037,0.5135401451324191,1.3795729776408945,0
1.0622466284626284,1.213027967139544,-0.09733581197341144,-0.45977997634346535,0.7047545435912831,2
2.6453252405475323,0.549160230407679,1.217672189360282,2.821716429633155,4.512120572831263,0
-0.026628702384550618,-0.6757552527582278,0.3242215508005767,1.6490566421375807,1.1106388318300249,2
-1.1075916554686682,1.9761301828762017,-2.271102164360899,-0.0838135803075728,-1.20228940196033,2
1.007494949431753,0.21731759186560018,0.42551434871635746,1.3999761614605934,1.9390365535110892,0
0.9814023904882859,0.9775811507120645,-0.14868662704510352,1.2558798002546556,1.7954947237368344,0
-0.040463009604701394,0.04218119596913639,0.11467081078010977,-1.7764690040187312,-1.2466865896249641,2
-2.5495245638844155,1.9551373379830124,-3.540955148092308,2.403423224160072,-0.9372556387659943,2
-3.3182026286734194,-2.2036042775267854,-0.8670032172519698,1.264828392602942,-2.359505005222841,1
0.3381762416772719,-0.23109176290019617,0.3386377087451293,0.7937610948063959,0.8786342740703847,0
1.2484072683029481,-1.2875497947835028,1.8807783543168684,-0.15945805598420582,1.1581025642571339,1
1.185973830209687,1.3210499609227417,-0.338459172644512,2.0655792734102456,2.5379403502023163,0
-0.9622123810685197,0.7002768997106381,-1.3713602967682643,1.5464687133978718,0.0811977208556069,2
0.5925312603420718,-0.852922343722724,1.1448882107294367,-0.7949577305992286,0.0678799730437183,1
0.4607768998267625,0.07739917018063291,0.25340640927671587,0.21177870259740472,0.5965865189005253,0
-0.7811425309750104,-0.7448078638228433,-0.09287279148897343,0.8863928029693993,-0.1500216257253091,1
0.5021022057296742,-0.31622550776795577,0.6170235068960799,-0.18204153141136659,0.38046060206211524,1
1.106917810086236,1.821757719335952,-0.46522909503562615,-1.0264726988091117,0.34825490862379954,2
-0.3032687394858691,-2.294808099556445,1.5579606074563255,-0.5804727584773217,-0.633009436718684,0
-0.17080626594055914,-2.4331553485218573,1.7296981869708126,-0.30255576815662644,-0.30998751592618856,0
1.0930423326283416,0.9330019296770984,0.050221426759175215,0.39534001896771254,1.3228613955211526,0
1.0888148682869068,3.418224731427995,-1.9002192251450878,1.2597956484329447,1.840023806008423,2
-1.0444883683163233,-0.8388753982480479,-0.15045854884214652,0.2600573843041565,-0.8326054149149069,1
-1.106855340657954,-1.000073247649016,-0.14058180350966015,0.9274761978897349,-0.43698271734285227,1
1.0673994449146107,-0.05553647993690758,0.9340405488518501,-1.2415109335709242,0.21265968673549443,2
1.2654232422180653,-2.337549402745109,2.6218033059802006,0.4271946388628738,1.6006498957923028,0
0.4277337361577501,0.7658918283366507,-0.28917314496071606,0.24121161086583076,0.5658384411118454,0
0.3099517905659358,-0.354007301310743,0.45973207059713844,0.2940244378242739,0.514847020342594,0
1.2024769833242555,-0.28231697708393044,1.0028815824150352,0.7681567608775279,1.7158706720093744,0
0.9130279849541962,-0.9696702464794708,1.4873035427503243,-1.0359395727102816,0.2238080755639976,1
0.46101127990033375,0.21574282164523495,0.23989480316632583,-0.6991644974609882,-0.025046650462734604,2
-0.7660054393051663,-0.851169050249527,0.08881767622959363,-0.03582084672560337,-0.7581574233330184,1
0.6980505347072403,-0.8637826133117434,1.3072621579338919,-1.5860764847688045,-0.3645686540568979,2
0.23517231991554677,-0.6656616848423036,0.8039373191627124,-1.3728741453601163,-0.6820529959418287,1
0.11441755891341943,-0.7335663948503253,0.7235783477763472,-0.9258936526000953,-0.4961297788228144,1
0.5585760570968189,1.3953862336911087,-0.6855394076989455,0.43451217640182327,0.8096463385521128,0
1.3215408905586608,-1.1683111325332818,1.904516986297957,-0.7703115756647569,0.8126012621517389,1
-0.9357732619957118,-0.90409698465609,-0.04167257364265131,0.4472229510243396,-0.5965403196197114,1
0.7581049571381395,-1.4753743376229662,1.6470752377223836,0.05134714669312257,0.8220647019036226,0
-0.6402347292188926,-0.767479797703327,0.0535043334058862,0.6052503641091607,-0.2011188045996828,1
1.4703389481611193,1.1853385749707024,-0.05454211989199606,2.2969030406028073,2.979235015286859,0
1.5390384147729745,-1.2341431480814171,1.9715466659077203,0.6385964178015454,1.985232456211297,0
0.5843269197692083,1.1107663032241322,-0.41854295851340967,0.07833938003082164,0.6008289291861945,2
0.5066473617450296,0.22105556366839263,0.05044930407872776,1.5118778189024251,1.520428877707619,0
0.5636383669267502,1.1997203819547047,-0.5871782385663721,0.9598822879937048,1.1763399135276522,0
-0.7909478594456503,0.4614272396911907,-1.0778734369161989,1.6374263986913742,0.318285595559066,2
-0.8710661467697167,1.1194016042676858,-1.5380263557796585,0.7200648207713377,-0.4006925198461531,2
-1.2548419021921555,-1.3059681832096854,-0.007863858307582362,0.8236012718846081,-0.645533844977646,1
1.2488580681151398,0.7523121958687033,0.19204707632383075,1.4678424193234088,2.209310709158753,0
-0.5390758699511979,0.1726149071272718,-0.3769339082157195,-1.4294008414919617,-1.5068193868120117,0
1.3334644514598857,-1.0951513045638512,1.883699667173388,-1.0274541381330196,0.6479348658110575,1
1.4272801739400278,-0.549283249680323,1.4380779979867357,0.028558486878567768,1.4428819099043348,2
0.7184102209280228,-0.8902678907689943,1.2647316578117591,-0.8058800356735512,0.18572114724586558,1
-1.0477505542386176,0.4735290285039031,-1.2615400718069643,1.5300318337216705,-0.008441897541288705,2
0.1809885317999511,0.6449749346233382,-0.1934595696438103,-1.612361444871481,-0.9325365776657323,2
1.0977280673934595,0.3063706187861903,0.34865152664173543,2.1615429729571893,2.542626660202765,0
-2.932425271826112,3.2273412294086685,-4.771711866448532,2.417903933787646,-1.3388892635774916,2
-0.7761330493556997,-0.9937659729626845,0.023048143512366115,1.6378556002333773,0.37146263612033603,1
0.3389475744101469,0.8128172941976632,-0.2053706688922705,-1.6115681840291916,-0.7804687320110666,2
0.707555660823086,-0.5419548799080078,0.9047871434165233,0.11698367821456035,0.7921645583090788,2
-0.5440987856034014,-0.7346566112708939,0.132520467812749,0.25822186604514197,-0.34259003514274416,1
-1.2639988500199983,1.5722880577453293,-2.1114052291542063,0.220680486464094,-1.139431806467461,2
0.3531464353386162,2.356656106831564,-1.6060566677516523,0.9624766838369541,0.9398777506540995,2
-3.170786619729674,3.085412605246646,-4.797245380351929,2.0125509025009483,-1.8455756826096539,2
-0.10118145545898127,0.1558393758940031,-0.248283887976699,0.5928254555856425,0.2983441161316711,2
0.9836494445065829,-0.22521502126621762,0.8847674556510232,-0.06701571698859099,0.9315314139075627,0
1.3579804190156526,1.4218593688528098,-0.026466899045705657,-0.6020200372888502,0.8946884938278808,2
0.14692320714490936,0.3505209470105626,-0.1212872620350369,-0.35815100234043373,-0.1072337759778095,2
0.6227668969668245,1.5694544140979376,-0.7563674154106175,0.29990085212781326,0.7770847681697248,2
1.2444832888409592,0.10082652638430922,0.8312581340754379,-0.09392811741961382,1.162198370387594,0
0.8091595856223865,-1.0199162473002379,1.420949661641091,-0.7414100186091424,0.32247434342115644,1
-0.46742619735590973,-0.3055249333311766,0.06889511959185596,-1.793052548379003,-1.6703116127933342,1
-0.5385277445857474,-0.9672249371288844,0.014983763267830567,3.2531772905870247,1.7016024100828222,2
0.49716737471931416,-0.808619468865556,1.0732342851816439,-1.1019014955650914,-0.23574388361311663,1
1.059649812192481,3.0553487041352287,-1.6478541766295094,1.2444051929819888,1.8103268697906365,0
1.0858028261976298,-1.108202829049738,1.6924997941297089,-0.8010173025131706,0.5574534739637529,1
1.8987265675665288,-1.484572154910558,2.4974909189627934,-0.16032146744934372,1.8047135388451976,1
-0.32871708402866906,3.611976513727178,-3.0068175044980023,0.6432549128573488,0.017069104059842143,2
0.6500415284545029,-0.1394014915351416,0.6816625605154657,-1.0976051834707667,-0.09950082041619562,2
0.7111764494213111,1.732873554345162,-0.9862518070851946,2.033339874262784,2.0364970786202585,0
-0.05212476992735693,0.8408479606406181,-0.6469449268276586,-0.20896689619124054,-0.2153859262828178,2
1.4078858811890727,1.002645108549757,0.347316530131341,-0.8420006491794929,0.7921118917446119,2
-0.8407901897039955,-0.8448484775860219,0.00033997474181616687,0.2659726015477586,-0.6273362989074666,0
-0.6348933084360858,0.270925820868134,-0.7938069563143711,1.345936176549818,0.27953167951694086,2
0.548993716925719,1.385066704320081,-0.7191030339499566,0.7826506036332432,1.0367277653421176,0
-0.2300413303880351,2.29816888271509,-1.7620524308570937,-1.2728849921794931,-1.1513933358420418,2
1.2364681274093083,-0.43130045126626815,1.1055143461504007,1.1073910288231028,1.9835720955221134,0
-0.10328596040858273,-0.6719621538794587,0.5411989577706019,-1.1363362734060667,-0.8554941194568365,1
0.7152099271802217,-0.7515824494783623,1.0507086806569186,0.28565079213081845,0.9197014800260911,0
1.280575616648721,-1.2275542347855812,1.908257787239346,-0.6579067261295897,0.850002085832538,1
1.2454689184307672,0.2351253336423076,0.6598962323525004,0.6295081568738804,1.6506128432742497,1
0.8568577009323464,-0.9372684316860015,1.1862683785143584,1.356040612522739,1.7908613345176574,0
-0.9414052370086492,0.7570279902327589,-1.3461342028549175,1.0124867069792374,-0.26214891943395324,2
1.3212083603210596,1.2146885761351964,0.001647836993821634,0.4163824736352755,1.5549891659346227,2
-1.9064346118529822,-1.459810365947266,-0.34065301058142383,0.6020994531429225,-1.435088981395269,1
0.47166316978811174,0.8317824420638242,-0.34092139254290094,0.5860921045308405,0.8415336913544331,2
-0.2720069627889148,-0.5305226238765228,0.09346157392759986,1.091982996848632,0.4865072173048656,1
1.786490437216615,-0.878355168084991,2.1841646856008183,-2.40618221668646,0.15377970484977607,2
0.8390396186465954,-0.9375422934416756,1.4386159739811217,-1.3269714482729786,-0.047594177801641685,1
-2.8759339282932928,-2.0803315549158246,-0.6441547498550729,1.302862595784998,-1.9003111892515068,1
1.8305552415499458,-0.27214430822974756,1.2340827950392876,2.9363759554259987,3.8071620391809855,0
-1.9272906257451128,1.994028237322223,-3.011554531202699,1.2918905434700632,-1.078348851669433,2
0.8834051006859989,-1.9447990620229199,2.03424254744347,0.6072835186101382,1.3354030715055543,0
-1.1669450506254346,1.985648246164835,-2.291498646020317,-0.3829071712923624,-1.4641202855811395,2
1.242391449439139,-1.1706338632214381,1.682868070368352,0.9135158563856287,1.8772817145726362,0
0.7502545175503486,0.6029036495359921,0.10731160698482707,-0.18166212382768232,0.601536463870257,0
-0.07192804309575807,-0.41753148299585896,0.4592088276032555,-2.0073005462947258,-1.422320886441745,1
1.2131140513620318,0.047414789457074225,0.812620200529875,0.27089282064772857,1.3802259049132568,0
0.8858860194546492,0.6612761084464032,0.12604611178964453,0.17623699952430083,0.9767960259429088,0
0.4787994316760942,-0.3446191867732189,0.48211910503060584,1.2290775760096149,1.3158820215407856,1
1.4561448315458803,-1.2473164559472567,2.06464685987722,-0.8093916252187496,0.9210416139471216,1
0.9530502730304657,2.303062856011673,-1.170178669601686,1.3363636829629235,1.7872766425282514,0
-1.8978452323204096,2.2893917281701315,-3.1635620656599293,0.80536518466619,-1.3872338788533898,2
0.5171662786570701,-0.5997899579883026,0.7995547209375988,0.2309409580523395,0.683065502777478,0
1.2679672764185794,-0.3403104860583456,0.9510857994637619,2.210726650323072,2.7610744103887646,0
1.4146540777757508,0.3253628641665276,0.7534993369928993,0.2326605050943541,1.545938058869717,1
0.6526359798050323,1.8858540523328127,-0.9735476679079195,0.3167555326126439,0.8096924261722414,0
1.8229766177049616,0.0310619205876711,1.2344458469205102,0.5772760911743093,2.1906646945732535,2
1.3283211213145112,0.08021059597489522,0.745840083500089,1.5394952891332756,2.3540586838515805,0
-2.0211442496259497,3.1070519100818395,-3.803000630790693,0.1765785263358799,-1.9571936062499524,2
1.3039895531903714,-1.5361924825576936,2.0185000133301574,0.7381686072477425,1.8287022963978095,2
1.773822126136905,-1.3644847374448943,2.1253006128848604,1.7850207636643782,2.998486215174819,0
-0.03746453964158836,0.9157997912518224,-0.6020721917796213,-1.1248218052374863,-0.824444128652472,2
0.011131787809199656,2.5471106428609196,-1.8251691349503647,-0.7612185753925157,-0.5725932428619365,2
0.7499670932600924,-0.4439854638107873,0.7222427734882596,1.531724615796234,1.7915968912878342,0
1.2939777417678955,-1.0853836250968072,1.830485267163274,-0.8510971602905212,0.7283831466745575,1
-1.8077638955568733,-1.3962705737220413,-0.3105726947232192,0.5360353788535562,-1.3841840834883192,1
-2.020056021833869,-1.3811037913143192,-0.3327600791165151,-0.90454376727982,-2.5718384109805235,1
0.12806181121559312,-0.3458991560828375,0.2844011742954778,0.6795441696406763,0.5967055832847803,1
-0.5945351892414961,1.3201661092573511,-1.4083299995902843,-0.09681987402434489,-0.6873632897436961,2
0.8376091735700011,-0.20548566013615788,0.792781887516397,-0.3517350861768209,0.59360720273536,0
0.3214671215949184,-1.014893002080017,0.9893518515861094,0.029186821836168275,0.3638548231801139,0
2.124357217778439,0.7818864984724322,1.0406138485822667,-0.9551666686814015,1.428438341293511,2
1.7931759543566534,1.1977838126891103,0.3685338422499946,0.27629054318241986,1.9262999235130287,2
1.3146178919327012,2.4717043277446837,-0.876388948182306,-0.2773172063112572,1.0446420801843697,2
1.3326603581961272,-1.1309243623232006,1.8960759969506373,-0.8872641892917703,0.7432238980038272,1
-1.3632272286260778,0.5677114757943524,-1.6370921956536193,2.3143540523628525,0.2099265104251432,2
0.9737966339743344,1.270202154913324,-0.3966124784018079,1.49076720736489,1.9397028118481672,0
-2.732508803178599,-2.032443496879533,-0.5843763971522636,1.381641881172825,-1.7065113075041123,1
-0.41651930301855833,0.2892842178305418,-0.3842562978280175,-1.3453862077965846,-1.3318769834588498,2
-1.692113154875838,-1.3860580864261287,-0.2177134460529159,0.3628676013788916,-1.3878016182333546,1
2.8670464241152107,-0.7087719141992943,2.799592948527526,-2.0334526783614932,1.4690410538730734,2
0.9047790261927902,1.89072035103676,-0.6796928048201296,-0.8542316918290068,0.26377792575723336,2
-1.5826090052447834,2.059866807495002,-2.8414151173329896,1.5866974914115064,-0.5397229547027921,2
-1.6420483784416149,1.083567085218787,-2.272168162336566,2.795216573503275,0.24744767384638058,2
1.4294418051811957,0.19372955279763615,0.755719049250617,1.3167209267961668,2.299714091702703,0
-0.7833980950065365,1.5736667403741984,-1.757902621147811,0.14043733147556603,-0.7194614187731163,2
-3.098923792783748,3.403642604607343,-4.929132021960583,1.458576728061613,-2.1589613135404644,2
0.14262078625433916,-0.5276826594917632,0.6739936125606175,-1.77972236187641,-1.0531652158551315,1
0.7263104628455849,0.3985453505227008,0.10125206681206253,1.255085334169504,1.5583443881522538,0
0.14507711537011647,-0.4079886357101632,0.2667990973890048,1.453012282378327,1.1400635079496861,2
1.057192837159277,0.025955218920512446,0.7491658786799988,-0.06239821785294586,1.0006658461142084,0
0.4498145443711692,0.7209104991847337,-0.25482156385042914,0.395865200089761,0.6937783103206477,0
-2.0292015178447196,2.1824489001646232,-3.263380425449472,1.6680943215356123,-0.9285955034068188,2
0.5548568423344283,2.0474790350150682,-1.1260496514932483,-0.07924111898322106,0.44016224079236754,2
-1.9092460304934997,-1.4173287078515304,-0.41125031529110573,0.9740966955281533,-1.1865191362490441,1
2.2012492849411553,-1.5191621502519514,2.7518375559400736,-0.26410808751893766,2.0338468890039008,1
-0.11423430357832198,0.13364006667164452,-0.22567014458430584,0.4369532649716835,0.18025624422077988,2
-0.8675688184492634,0.3163121771354688,-1.0427599225959099,1.8232413195577228,0.3725646994824574,2
0.43115991459398006,0.9969647312260884,-0.5232237748672481,0.8830665491101671,0.998751339191823,0
0.44610254341460287,-0.8300761017697478,0.9923177706883065,-0.4927452517994767,0.12782168181370898,2
-0.437931501618259,-0.743548193777162,0.14343880901765574,0.990365572288041,0.25933748422998426,1
-1.0864224926471888,-0.7743319840717644,-0.18208308682893093,-0.21557271880314044,-1.1984956767472523,1
0.8262508941040374,1.4345879541330104,-0.56236322539867,0.8445703667658061,1.351166150346686,0
1.2511060593689765,-1.2091645939379172,1.89131638930079,-0.8410676288614296,0.6961199726121967,1
-2.001277497427235,-1.2800277399797086,-0.5875329902632445,1.0453646706278459,-1.2326183552157213,1
0.21882078473841682,2.0813922434477066,-1.2401886890989178,-1.6346173993078783,-0.9480581309123831,2
2.0873048302210053,-0.4975866438702974,1.5505320575130148,3.317353575746916,4.325118103304859,0
1.9317952399715843,1.6401600041481343,-0.006231454741558653,1.7271278123760905,3.0361540618401177,0
1.1285591289161174,0.27066133089962485,0.5646306089271511,0.47080419048038813,1.4265541337431427,0
-2.115456816629554,1.1017997940264046,-2.6099684821577913,2.6202256263797628,-0.33915684140599917,2
-0.09504192158281488,-1.525629348730586,1.0693582662733783,0.05214225877958234,-0.018329307549259904,0
-1.2218563968229241,1.4285772132997479,-2.0462529560683484,0.9589228301143364,-0.5930281005386372,2
0.9431274474650515,0.7608854805986329,0.026119423984589905,0.8503355362692692,1.488176248561956,0
2.049097599355698,-2.2881368193169287,3.1492516453268378,0.43445981893274566,2.3779507290187736,0
-3.1646003345154243,2.5611380718357175,-4.420982992066812,2.225205249230317,-1.6813625824363518,2
1.6528289687058908,-1.1320909666871106,2.178430914015389,-1.3993246620290443,0.711817042757072,1
1.2616998643567796,-0.7636614897656778,1.3242717030164532,1.5979990479251698,2.3501797124171824,0
0.8716652928284314,-0.11990918963542185,0.6793637408944063,0.39611374191641957,1.132518971872478,1
1.3756817463544588,0.3563294507744723,0.7647264009511269,-0.4004987259934565,1.076944740564109,0
-0.7251751281713967,0.6628420851184147,-1.080344210357414,0.6148112128565609,-0.3160923174147881,2
1.4184592151671722,-1.1360227943275996,1.9668115147244087,-0.938266084043751,0.7934481180326891,1
-0.6301640377410589,-0.8074276808843854,0.026391026638007645,1.2563448756360596,0.2517500773320038,1
2.213956416391002,1.5029750262874864,0.4989673940986348,-0.28690762361649946,1.9514601676571697,2
1.1275189412301,1.364208857165153,-0.40359139883395634,1.9707940625189018,2.4147693967322903,0
0.8732451537459774,1.0123886272029021,-0.2957373668346074,1.6909303519070633,1.9830576573633045,0
-2.3248835166773913,1.8158247316358134,-3.2358073475474023,2.010998609508384,-0.978145404027748,2
0.9566592975633306,-0.992943645699698,1.5353401446988069,-1.0271553020125295,0.27345585890017826,1
1.4649080292724483,1.8104979598350401,-0.33038190088893343,0.3077010272416685,1.607430647247146,2
-2.970068829306882,2.8355876121340065,-4.4942554717611385,2.3056186906269707,-1.441956513568308,2
-1.3741998599540195,-1.1923733723198202,-0.08983583042028119,-0.07971993170884306,-1.3794090450035563,1
